City,Cloudiness,Country,Date,Humidity,Max Temp,Lat,Long,Wind Speed
barrow,90,US,1607707803,69,-7.6,71.29,-156.79,16.11
rikitea,75,PF,1607708532,79,76.69,-23.12,-134.97,13.69
kaitangata,46,NZ,1607707955,73,46.99,-46.28,169.85,10.0
punta arenas,75,CL,1607708533,62,55.4,-53.15,-70.92,14.99
nacala,100,MZ,1607708533,84,79.43,-14.54,40.67,8.28
saint-philippe,20,RE,1607708533,73,75.2,-21.36,55.77,14.99
hermanus,78,ZA,1607708533,74,64.99,-34.42,19.23,1.99
puerto escondido,8,MX,1607708534,64,83.12,15.85,-97.07,5.68
sur,0,OM,1607708534,51,72.3,22.57,59.53,12.17
butaritari,100,KI,1607708534,79,81.1,3.07,172.79,14.0
lorengau,57,PG,1607708534,73,82.89,-2.02,147.27,7.2
yar-sale,100,RU,1607708535,94,17.6,66.83,70.83,11.77
cherskiy,100,RU,1607708535,89,-10.91,68.75,161.3,5.28
ust-ishim,0,RU,1607708536,95,9.23,57.69,71.17,5.53
juan lacaze,75,UY,1607708536,53,71.6,-34.43,-57.44,11.41
mataura,98,NZ,1607708536,81,46.99,-46.19,168.86,18.01
xuanzhou,30,CN,1607708536,85,44.35,30.95,118.76,2.53
ushuaia,40,AR,1607708536,39,62.6,-54.8,-68.3,14.99
cape town,40,ZA,1607707932,82,69.01,-33.93,18.42,2.24
guerrero negro,2,MX,1607707960,58,65.53,27.98,-114.06,10.6
busselton,56,AU,1607708537,90,64.99,-33.65,115.33,6.98
bethel,1,US,1607708537,57,50.0,41.37,-73.41,12.75
vila,100,PT,1607708384,94,52.0,42.03,-8.16,14.0
maubin,0,MM,1607708538,88,73.4,16.73,95.65,3.36
bredasdorp,97,ZA,1607707953,72,64.4,-34.53,20.04,11.41
shar,100,KZ,1607708538,92,-2.94,49.59,81.05,2.37
teknaf,1,BD,1607708492,78,66.34,20.86,92.31,6.53
carnarvon,90,AU,1607708283,94,73.4,-24.87,113.63,17.22
richards bay,36,ZA,1607708539,89,75.69,-28.78,32.04,2.77
lompoc,1,US,1607708081,87,48.2,34.64,-120.46,8.25
east london,40,ZA,1607708539,94,69.8,-33.02,27.91,1.12
dunedin,47,NZ,1607708538,70,48.0,-45.87,170.5,3.0
grand gaube,25,MU,1607708540,66,77.0,-20.01,57.66,10.0
hithadhoo,51,MV,1607708336,76,82.08,-0.6,73.08,12.93
port pirie,100,AU,1607708540,67,62.6,-33.18,138.02,3.36
kruisfontein,100,ZA,1607708379,80,66.99,-34.0,24.73,5.99
ilulissat,20,GL,1607708541,40,14.0,69.22,-51.1,14.99
tuktoyaktuk,20,CA,1607708189,74,-22.0,69.45,-133.04,8.05
hasaki,75,JP,1607708350,93,46.4,35.73,140.83,5.82
viedma,0,AR,1607708542,19,75.99,-40.81,-63.0,8.99
bousse,0,BF,1607708542,16,95.0,12.66,-1.89,6.93
arraial do cabo,40,BR,1607708193,74,84.2,-22.97,-42.03,14.99
malia,75,GR,1607708543,82,61.0,35.28,25.47,9.17
kawalu,100,ID,1607708543,89,74.44,-7.38,108.21,0.72
tommot,69,RU,1607708544,80,-33.81,58.96,126.29,0.49
saint george,1,US,1607708327,47,37.4,37.1,-113.58,3.15
vaini,40,TO,1607707961,88,77.0,-21.2,-175.2,10.29
namatanai,85,PG,1607708514,78,80.53,-3.67,152.43,5.1
norman wells,90,CA,1607707964,77,-0.4,65.28,-126.83,5.82
puerto ayora,75,EC,1607708545,69,80.6,-0.74,-90.35,18.34
hirara,95,JP,1607708545,84,71.98,24.8,125.28,24.54
jamestown,1,US,1607708144,65,46.4,42.1,-79.24,10.29
samarai,83,PG,1607708546,74,80.76,-10.62,150.67,5.1
moranbah,0,AU,1607708546,75,69.17,-22.0,148.05,16.58
flinders,84,AU,1607708547,64,63.0,-34.58,150.86,5.99
mountain home,90,US,1607708547,86,28.4,43.13,-115.69,3.36
qaanaaq,100,GL,1607708006,87,22.44,77.48,-69.36,7.36
chuy,67,UY,1607708003,36,90.03,-33.7,-53.46,11.48
geraldton,0,AU,1607708426,94,69.8,-28.77,114.6,6.93
aklavik,40,CA,1607708548,75,-20.2,68.22,-135.01,6.93
fortuna,100,US,1607708142,84,44.01,40.6,-124.16,8.99
urusha,17,RU,1607708549,84,-17.75,54.05,122.9,3.29
port alfred,100,ZA,1607708549,89,68.23,-33.59,26.89,12.5
san-pedro,57,CI,1607708549,82,79.99,4.75,-6.64,5.48
dwarka,0,IN,1607708550,62,74.91,22.24,68.97,11.61
alta floresta,75,BR,1607708381,74,84.2,-9.88,-56.09,4.7
saldanha,96,ZA,1607708436,78,63.34,-33.01,17.94,8.16
askiz,100,RU,1607708550,88,7.68,53.13,90.53,11.99
albany,90,US,1607708551,59,46.99,42.6,-73.97,4.68
tasiilaq,75,GL,1607708552,58,28.4,65.61,-37.64,4.7
castro,89,BR,1607708255,48,80.65,-24.79,-50.01,4.52
new norfolk,90,AU,1607708279,87,51.8,-42.78,147.06,2.24
saint-pierre,0,RE,1607707982,73,75.2,-21.34,55.48,21.92
airai,45,TL,1607708553,100,62.02,-8.93,125.41,0.92
sao felix do xingu,81,BR,1607708553,49,89.17,-6.64,-51.99,4.65
nome,1,US,1607708475,64,1.4,64.5,-165.41,4.7
hilo,1,US,1607708555,60,69.8,19.73,-155.09,9.17
victor harbor,100,AU,1607708555,70,69.01,-35.57,138.62,9.86
key largo,72,US,1607708555,61,72.0,25.09,-80.45,5.99
alofi,20,NU,1607708451,94,77.0,-19.06,-169.92,13.87
bluff,95,NZ,1607708556,81,46.99,-46.6,168.33,18.01
archidona,20,ES,1607708556,63,68.0,37.1,-4.39,6.93
alice springs,90,AU,1607708557,57,78.01,-23.7,133.88,5.82
vikulovo,0,RU,1607708557,94,9.84,56.82,70.61,7.54
itarema,88,BR,1607708468,61,86.27,-2.92,-39.92,20.2
olinda,40,BR,1607708541,58,82.4,-8.01,-34.86,11.41
atuona,13,PF,1607708559,76,78.69,-9.8,-139.03,20.6
port elizabeth,20,ZA,1607708560,93,66.2,-33.92,25.57,16.11
chokurdakh,100,RU,1607708241,86,-27.9,70.63,147.92,7.11
provideniya,100,RU,1607708428,94,13.39,64.38,-173.3,31.03
khatanga,15,RU,1607708561,84,-30.91,71.97,102.5,5.21
ternate,74,ID,1607708438,78,81.88,0.8,127.4,4.65
kalach-na-donu,0,RU,1607708561,78,12.2,48.69,43.53,15.66
los llanos de aridane,75,ES,1607708562,82,68.0,28.66,-17.92,9.17
sulphur springs,90,US,1607708562,100,60.8,33.14,-95.6,8.05
hobart,90,AU,1607708321,87,51.8,-42.88,147.33,2.24
batagay,95,RU,1607708562,82,-32.06,67.63,134.63,2.57
cody,90,US,1607708556,86,26.6,44.53,-109.06,2.51
carutapera,11,BR,1607708563,59,86.81,-1.2,-46.02,10.94
novyy urengoy,100,RU,1607708564,93,1.83,66.08,76.63,15.88
aljezur,100,PT,1607708564,89,61.88,37.32,-8.8,15.61
dikson,100,RU,1607708565,92,-3.19,73.51,80.55,27.74
itoman,75,JP,1607708566,83,69.8,26.12,127.67,27.51
avarua,67,CK,1607708566,83,78.8,-21.21,-159.78,9.17
cervo,100,ES,1607708566,92,55.0,43.67,-7.41,8.99
khuzhir,98,RU,1607708566,87,9.86,53.19,107.34,14.5
santa vitoria do palmar,62,BR,1607708545,35,90.75,-33.52,-53.37,11.05
kemijarvi,67,FI,1607708567,97,19.44,66.71,27.43,2.75
araure,0,VE,1607708568,82,68.0,9.56,-69.21,9.17
torbay,90,CA,1607708568,93,37.0,47.67,-52.73,18.34
hwange,97,ZW,1607708568,61,79.14,-18.37,26.5,4.68
svetlogorsk,100,BY,1607708465,95,25.0,52.63,29.73,12.17
ukiah,90,US,1607708489,86,41.0,39.15,-123.21,3.04
upernavik,100,GL,1607708220,87,21.25,72.79,-56.15,7.34
nikolskoye,90,RU,1607708569,92,30.2,59.7,30.79,8.95
kathu,20,TH,1607708570,73,86.0,7.92,98.33,1.12
georgetown,40,MY,1607708572,94,78.8,5.41,100.34,3.36
katsuura,75,JP,1607707984,76,51.8,35.13,140.3,6.93
gwembe,100,ZM,1607708572,88,69.1,-16.5,27.61,3.65
kapaa,40,US,1607708233,94,71.6,22.08,-159.32,5.82
kabalo,80,CD,1607708572,92,71.64,-6.05,26.92,2.19
sakakah,0,SA,1607708448,44,59.0,29.97,40.21,6.93
bukachacha,18,RU,1607708574,85,-8.32,52.98,116.92,3.0
maravatio,13,MX,1607708574,53,73.0,19.9,-100.45,7.0
bauta,40,CU,1607708574,53,75.2,22.98,-82.55,6.93
pachmarhi,84,IN,1607708575,74,58.96,22.47,78.43,1.19
taltal,20,CL,1607708575,54,67.86,-25.4,-70.48,6.85
orissaare,100,EE,1607708576,81,39.0,58.56,23.08,1.99
mahebourg,40,MU,1607708441,73,75.2,-20.41,57.7,11.41
mafinga,80,TZ,1607708577,63,72.34,-7.25,35.07,4.45
kitakami,69,JP,1607708578,90,42.58,39.28,141.12,1.63
lavrentiya,100,RU,1607708578,93,10.71,65.58,-171.0,19.13
ribeira grande,40,PT,1607708232,82,66.2,38.52,-28.7,16.11
moyale,77,KE,1607708578,41,70.68,3.52,39.06,8.19
kieta,13,PG,1607708012,76,78.71,-6.22,155.63,4.29
yukhnov,17,RU,1607708580,96,19.51,54.74,35.23,7.78
ambilobe,48,MG,1607708520,80,78.08,-13.2,49.05,0.92
montepuez,100,MZ,1607708580,87,73.08,-13.13,39.0,4.99
saskylakh,100,RU,1607708188,84,-27.27,71.92,114.08,5.97
gornopravdinsk,0,RU,1607708580,95,9.64,60.05,69.9,4.5
ponta do sol,40,PT,1607707997,72,66.2,32.67,-17.1,8.05
dauriya,0,RU,1607708582,83,-14.48,49.93,116.87,3.33
ostrovnoy,96,RU,1607708194,96,27.01,68.05,39.51,14.32
pevek,14,RU,1607708582,81,7.75,69.7,170.31,6.67
touros,40,BR,1607708429,58,86.0,-5.2,-35.46,17.22
karoi,100,ZW,1607708583,88,67.68,-16.81,29.69,1.07
tokur,100,RU,1607708584,91,-7.58,53.13,132.9,3.83
sovetskiy,2,RU,1607708584,87,16.79,61.36,63.58,7.14
casablanca,75,MA,1607708407,88,64.4,33.59,-7.62,9.17
narsaq,20,GL,1607708585,43,15.8,60.92,-46.05,5.28
longyearbyen,75,SJ,1607708586,71,8.6,78.22,15.64,3.36
sorland,0,NO,1607708586,73,41.0,67.67,12.69,8.05
bambous virieux,40,MU,1607708586,73,77.0,-20.34,57.76,11.41
tandalti,57,SD,1607708587,19,82.8,13.02,31.87,9.57
lebu,23,CL,1607708587,60,59.63,-37.62,-73.65,9.1
ponta delgada,20,PT,1607708588,88,64.4,37.73,-25.67,12.75
atar,47,MR,1607708588,16,75.16,20.52,-13.05,10.56
cordoba,0,AR,1607708589,22,84.0,-31.41,-64.18,12.75
cabo san lucas,20,MX,1607708294,78,75.99,22.89,-109.91,5.82
bonavista,100,CA,1607708248,100,37.0,48.65,-53.11,5.82
khilok,73,RU,1607708590,88,-7.08,51.37,110.47,3.22
aitape,55,PG,1607708590,84,78.91,-3.14,142.35,3.62
codrington,39,AU,1607708591,90,46.65,-38.27,141.97,9.19
kalevala,16,RU,1607708592,97,18.57,65.2,31.17,3.0
tuatapere,95,NZ,1607708592,81,46.99,-46.13,167.68,18.01
vila velha,40,BR,1607708592,78,82.99,-20.33,-40.29,8.05
port moresby,20,PG,1607708349,94,75.2,-9.44,147.18,5.82
thompson,40,CA,1607708356,76,-11.2,55.74,-97.86,2.24
birecik,75,TR,1607708593,70,46.4,37.03,37.99,4.85
mezen,94,RU,1607708593,96,16.75,65.85,44.24,6.55
olafsvik,100,IS,1607708423,86,39.72,64.89,-23.71,26.49
erzin,100,TR,1607708594,77,57.99,36.96,36.2,5.01
faanui,65,PF,1607708594,76,79.54,-16.48,-151.75,12.88
cockburn town,75,TC,1607708485,65,78.8,21.46,-71.14,13.87
pak phanang,82,TH,1607708595,81,78.82,8.35,100.2,6.96
artvin,0,TR,1607708482,35,55.4,41.17,41.83,23.04
pangoa,63,PE,1607708595,65,82.45,-12.12,-73.0,4.45
tynda,73,RU,1607708596,80,-27.96,55.17,124.72,2.8
kloulklubed,75,PW,1607708207,88,78.8,7.04,134.26,4.7
usinsk,100,RU,1607708597,95,8.89,65.99,57.53,14.94
ozernovskiy,44,RU,1607708597,91,22.91,51.5,156.52,2.04
tulagi,20,SB,1607708598,100,73.4,-9.1,160.15,9.4
moron,0,AR,1607708598,26,82.99,-34.65,-58.62,12.75
anadyr,75,RU,1607708598,72,14.0,64.75,177.48,15.66
bayan,0,CN,1607708599,87,-4.32,46.08,127.4,5.88
tarata,20,BO,1607708599,17,87.8,-17.62,-66.02,9.17
taoudenni,0,ML,1607708599,23,67.95,22.68,-3.98,8.93
palana,100,RU,1607708600,90,19.18,59.12,159.97,5.59
hambantota,10,LK,1607708402,77,76.68,6.12,81.12,13.51
phetchaburi,36,TH,1607708600,93,73.99,12.97,99.58,3.44
svetlyy,90,RU,1607708601,95,33.8,54.67,20.13,8.95
locri,75,IT,1607708601,81,57.99,38.24,16.26,8.05
santa maria,0,BR,1607708356,29,98.6,-29.68,-53.81,17.22
pangai,20,TO,1607708601,83,78.8,-19.8,-174.35,16.11
atakpame,34,TG,1607708432,37,89.19,7.53,1.13,4.59
kautokeino,98,NO,1607708602,97,27.14,69.01,23.04,12.84
sultanpur,99,IN,1607708602,43,72.23,26.27,82.07,5.1
katherine,90,AU,1607708603,78,78.8,-14.47,132.27,8.05
champua,0,IN,1607708603,50,63.72,22.08,85.67,1.48
grindavik,90,IS,1607708603,86,41.0,63.84,-22.43,11.41
zambezi,89,ZM,1607708604,91,68.7,-13.54,23.1,3.11
birao,0,CF,1607708604,24,81.37,10.28,22.79,5.95
kidal,27,ML,1607708605,16,81.5,18.44,1.41,11.1
gorontalo,0,ID,1607708606,88,76.24,0.54,123.06,2.53
chapais,90,CA,1607708607,86,28.4,49.78,-74.85,5.82
burnie,3,AU,1607708607,96,52.0,-41.07,145.92,4.0
vardo,0,NO,1607708607,79,26.6,70.37,31.11,11.32
terrak,0,NO,1607708607,59,37.4,65.09,12.37,17.22
yulara,90,AU,1607708608,47,77.0,-25.24,130.99,18.34
ciudad bolivar,2,VE,1607708478,36,91.36,8.12,-63.55,7.16
coruripe,1,BR,1607708609,63,82.54,-10.13,-36.18,14.58
luba,20,GQ,1607708609,83,82.4,3.46,8.55,9.17
matagami,90,CA,1607708610,100,21.2,49.75,-77.63,12.75
luderitz,0,NA,1607708610,78,63.39,-26.65,15.16,15.21
iqaluit,90,CA,1607708364,85,23.0,63.75,-68.51,11.41
klaksvik,100,FO,1607708611,93,44.6,62.23,-6.59,27.51
berlevag,75,NO,1607708367,86,32.0,70.86,29.09,12.75
half moon bay,1,US,1607708611,66,52.0,37.46,-122.43,9.93
poum,100,NC,1607708611,82,78.55,-20.23,164.02,18.03
srednekolymsk,99,RU,1607708612,84,-28.21,67.45,153.68,4.5
nantucket,90,US,1607708326,71,51.8,41.28,-70.1,10.29
kahului,20,US,1607708441,77,73.0,20.89,-156.47,6.93
banjarmasin,75,ID,1607708613,94,75.2,-3.32,114.59,4.7
jalu,0,LY,1607708613,33,60.28,29.03,21.55,9.75
roros,75,NO,1607708613,79,26.6,62.57,11.38,8.05
goderich,99,CA,1607708613,81,42.8,43.75,-81.72,5.82
asau,100,RO,1607708349,89,37.0,46.43,26.4,3.38
san fernando,75,PH,1607708349,88,78.8,15.03,120.69,4.7
talnakh,100,RU,1607708565,75,-13.0,69.49,88.4,22.37
ketchikan,1,US,1607708614,100,30.2,55.34,-131.65,3.36
waynesboro,1,US,1607708434,44,62.01,38.07,-78.89,8.05
ekhabi,100,RU,1607708615,96,9.19,53.51,142.97,4.85
port macquarie,90,AU,1607708615,100,60.8,-31.43,152.92,6.93
san patricio,90,US,1607708615,78,73.99,28.02,-97.52,10.29
floro,0,NO,1607708615,56,42.8,61.6,5.03,10.29
otofuke,0,JP,1607708616,93,29.77,42.99,143.2,2.33
oranjemund,0,NA,1607708616,80,64.11,-28.55,16.43,9.46
pisco,0,PE,1607708617,73,71.6,-13.7,-76.22,12.75
kavieng,94,PG,1607708519,78,82.6,-2.57,150.8,11.39
mar del plata,20,AR,1607708617,44,77.0,-38.0,-57.56,11.41
pemangkat,92,ID,1607708618,83,79.68,1.17,108.97,5.53
lisakovsk,0,KZ,1607708619,94,8.24,52.54,62.49,5.59
manicore,100,BR,1607708619,81,78.69,-5.81,-61.3,2.26
basco,5,PH,1607708619,89,77.27,20.45,121.97,16.69
aksu,0,CN,1607708619,93,21.85,41.12,80.26,1.61
kozan,75,TR,1607708620,93,57.99,37.46,35.82,9.17
yellowknife,90,CA,1607708620,83,-2.99,62.46,-114.35,5.82
inhambane,20,MZ,1607708621,83,78.8,-23.86,35.38,12.75
havre-saint-pierre,1,CA,1607708250,79,28.4,50.23,-63.6,10.29
kropotkin,31,RU,1607708621,81,36.43,45.44,40.58,18.59
matara,36,LK,1607708577,82,76.69,5.95,80.54,3.69
ciudad guayana,5,VE,1607708622,63,87.01,8.35,-62.65,3.0
darhan,88,MN,1607708623,89,-0.99,49.49,105.92,0.56
okhotsk,98,RU,1607708211,82,-9.36,59.38,143.3,19.69
pemba,90,MZ,1607708623,83,82.4,-12.97,40.52,12.75
kodiak,90,US,1607708624,69,37.4,57.79,-152.41,14.99
nioro,1,GM,1607708624,16,94.86,13.35,-15.75,4.7
prainha,30,BR,1607708624,32,93.47,-1.8,-53.48,8.05
najran,0,SA,1607708624,25,66.2,17.49,44.13,6.93
salta,20,AR,1607708536,39,95.0,-24.79,-65.41,10.29
naze,75,JP,1607708454,100,64.4,28.37,129.48,17.22
desaguadero,1,PE,1607708625,33,60.4,-16.57,-69.04,6.13
mangan,41,IN,1607708625,41,56.39,27.52,88.53,2.17
mumbwa,87,ZM,1607708625,88,69.42,-14.98,27.06,4.38
brae,75,GB,1607708626,81,44.6,60.4,-1.35,27.51
havelock,75,US,1607708626,72,66.99,34.88,-76.9,9.17
mnogovershinnyy,100,RU,1607708626,98,12.29,53.94,139.92,8.55
kiama,87,AU,1607708626,76,63.0,-34.68,150.87,8.7
port hawkesbury,90,CA,1607708627,85,33.01,45.62,-61.35,8.05
bandarbeyla,49,SO,1607708627,61,75.56,9.49,50.81,22.19
sitangkai,2,PH,1607708627,73,83.84,4.66,119.39,6.76
isangel,100,VU,1607708535,82,78.58,-19.55,169.27,15.68
yinchuan,60,CN,1607708628,85,27.16,38.47,106.27,4.34
honiara,20,SB,1607708624,100,73.4,-9.43,159.95,4.07
salalah,0,OM,1607708628,32,78.8,17.02,54.09,9.17
waingapu,100,ID,1607708628,78,80.44,-9.66,120.26,4.0
te anau,80,NZ,1607708628,86,40.69,-45.42,167.72,2.24
deputatskiy,96,RU,1607708279,85,-30.95,69.3,139.9,3.27
tonshayevo,0,RU,1607708629,95,11.28,57.74,47.01,4.45
straumen,0,NO,1607708629,59,37.4,63.87,11.3,10.29
chulym,99,RU,1607708629,93,1.87,55.1,80.96,9.8
pacific grove,75,US,1607708113,71,51.8,36.62,-121.92,4.7
batemans bay,89,AU,1607708630,92,57.0,-35.72,150.18,2.77
douglas,90,US,1607708630,94,37.0,41.3,-96.17,16.11
subkhankulovo,0,RU,1607708630,89,7.83,54.56,53.81,3.04
tamiahua,31,MX,1607708630,68,76.82,21.27,-97.45,6.53
luancheng,90,CN,1607708631,100,26.6,37.88,114.65,2.24
manta,75,EC,1607708340,74,80.6,-0.95,-80.73,9.17
nelson bay,75,AU,1607708612,59,66.2,-32.72,152.15,13.87
vanavara,65,RU,1607708631,81,-36.02,60.34,102.28,3.4
san quintin,30,MX,1607708527,62,60.76,30.48,-115.95,8.14
santarem,40,BR,1607708632,59,89.6,-2.44,-54.71,11.41
mabaruma,8,GY,1607708632,72,82.83,8.2,-59.78,5.84
leningradskiy,0,RU,1607708329,86,0.07,69.38,178.42,11.01
kirs,58,RU,1607708633,94,13.39,59.34,52.24,6.8
san angelo,1,US,1607708633,43,71.01,31.46,-100.44,14.99
sayyan,10,YE,1607708633,51,48.15,15.17,44.32,1.16
tiksi,79,RU,1607708489,84,-30.64,71.69,128.87,8.68
tromso,0,NO,1607708433,92,30.0,69.65,18.96,12.75
guider,78,CM,1607708634,16,84.67,9.93,13.95,6.49
port lincoln,100,AU,1607708634,69,65.53,-34.73,135.87,13.47
huarmey,100,PE,1607708635,64,74.97,-10.07,-78.15,12.15
dryden,90,CA,1607708635,79,21.2,49.78,-92.75,3.36
aykhal,0,RU,1607708601,65,-34.6,66.0,111.5,6.71
ascope,20,PE,1607708635,82,66.2,-7.71,-79.11,12.75
severnyy,0,RU,1607708635,79,19.4,50.68,36.55,13.42
thinadhoo,51,MV,1607708378,73,82.35,0.53,72.93,10.29
rudbar,0,AF,1607708636,46,50.49,30.15,62.6,2.84
cayenne,75,GF,1607708636,62,87.8,4.93,-52.33,14.99
surt,76,LY,1607708636,53,62.35,31.21,16.59,18.79
erenhot,74,CN,1607708637,93,6.39,43.65,111.98,4.59
chernivtsi,100,UA,1607708637,99,36.0,48.29,25.94,14.72
coihaique,90,CL,1607708637,71,51.8,-45.58,-72.07,4.7
calama,0,CL,1607708637,13,73.4,-22.47,-68.93,25.28
riyadh,0,SA,1607708395,44,60.8,24.69,46.72,6.69
sistranda,0,NO,1607708638,60,39.2,63.73,8.83,26.4
abapo,0,BO,1607708638,30,93.87,-18.83,-63.47,16.44
fengzhen,1,CN,1607708638,90,13.98,40.44,113.15,2.98
nyandoma,100,RU,1607708638,98,20.7,61.67,40.2,7.78
costinesti,75,RO,1607708639,93,46.4,43.95,28.63,9.17
port hardy,75,CA,1607708512,100,42.8,50.7,-127.42,2.24
upington,0,ZA,1607708640,17,86.0,-28.45,21.26,13.87
necochea,15,AR,1607708214,47,72.0,-38.55,-58.74,19.17
badou,32,TG,1607708640,63,81.59,7.58,0.6,2.86
namibe,27,AO,1607708476,72,67.91,-15.2,12.15,10.45
meulaboh,100,ID,1607708641,85,77.18,4.14,96.13,3.47
rio gallegos,40,AR,1607708641,42,62.6,-51.62,-69.22,12.75
jalingo,39,NG,1607708641,25,85.44,8.88,11.37,2.59
severo-kurilsk,94,RU,1607708642,92,26.01,50.68,156.12,7.09
bereda,100,ES,1607708642,96,51.01,43.27,-7.54,10.0
mishelevka,100,RU,1607708642,93,1.08,52.86,103.17,2.46
bouar,8,CF,1607708642,24,77.41,5.93,15.6,4.72
peleduy,98,RU,1607708642,87,-11.97,59.63,112.74,2.08
damara,20,CF,1607708643,70,86.0,4.96,18.7,4.7
orchard homes,90,US,1607708643,92,21.2,46.86,-114.05,0.54
gaoua,26,BF,1607708643,24,89.31,10.3,-3.25,3.27
beringovskiy,100,RU,1607708310,96,21.24,63.05,179.32,31.34
sioux lookout,90,CA,1607708541,73,21.2,50.1,-91.92,2.24
asilah,75,MA,1607708644,88,64.4,35.47,-6.03,17.22
valparaiso,0,CL,1607708385,38,77.0,-33.04,-71.63,11.41
de aar,0,ZA,1607708644,19,76.19,-30.65,24.01,12.41
talas,75,TR,1607708645,86,39.2,38.69,35.55,3.74
gat,82,IL,1607708642,43,64.0,31.61,34.76,1.99
pinhao,49,BR,1607708645,51,78.69,-25.7,-51.66,4.85
constitucion,0,CL,1607708645,51,64.27,-35.33,-72.42,19.89
redmond,90,US,1607708552,91,43.0,47.67,-122.12,4.18
tamandare,4,BR,1607708646,63,81.88,-8.76,-35.1,11.05
zinder,0,NE,1607708646,18,91.4,13.81,8.99,4.7
novikovo,13,RU,1607708646,89,21.38,51.15,37.89,11.9
puerto quijarro,25,BO,1607708646,28,99.34,-17.78,-57.77,7.43
labuhan,100,ID,1607708647,86,77.83,-6.88,112.21,6.17
parana,65,AR,1607708647,27,81.0,-31.73,-60.52,10.0
omaruru,0,NA,1607708647,40,67.87,-21.43,15.93,10.47
lasa,75,IT,1607708648,92,37.99,46.62,10.7,4.7
la ronge,97,CA,1607708648,92,17.6,55.1,-105.28,1.12
krasnoselkup,100,RU,1607708648,88,-12.33,65.7,82.47,14.56
hay river,100,CA,1607708003,84,5.0,60.82,-115.8,4.7
ulladulla,90,AU,1607708649,62,59.0,-35.35,150.47,9.17
mkuranga,40,TZ,1607708650,78,82.4,-7.12,39.21,11.41
hobyo,1,SO,1607708650,62,78.78,5.35,48.53,18.7
talaya,100,RU,1607708650,88,-9.92,61.38,152.75,3.02
chardara,3,KZ,1607708650,89,32.54,41.25,67.97,7.74
arlit,56,NE,1607708650,15,82.76,18.74,7.39,6.33
tazovskiy,100,RU,1607708478,92,-5.89,67.47,78.7,15.61
teguldet,58,RU,1607708651,92,-4.05,57.31,88.17,4.41
narasannapeta,0,IN,1607708651,78,69.53,18.42,84.05,3.98
rajanpur,28,PK,1607708651,85,53.46,29.1,70.33,5.08
vila franca do campo,20,PT,1607708570,88,64.4,37.72,-25.43,12.75
sanandaj,41,IR,1607708504,74,37.76,35.31,46.99,2.57
caravelas,29,BR,1607708652,65,83.48,-17.71,-39.25,12.75
sant feliu de guixols,57,ES,1607708652,32,54.0,41.78,3.03,2.15
gatton,90,AU,1607708653,93,62.6,-27.55,152.28,5.82
bardiyah,0,LY,1607708653,56,60.12,31.76,25.09,12.35
roma,1,US,1607708645,65,46.4,43.21,-75.46,6.93
altay,1,CN,1607708653,65,-2.4,47.87,88.12,6.02
wuwei,98,CN,1607708654,88,23.36,37.93,102.64,1.25
marystown,92,CA,1607708654,78,37.54,47.17,-55.15,17.67
husavik,75,IS,1607708621,80,41.0,66.04,-17.34,11.41
fare,70,PF,1607708654,74,80.6,-16.7,-151.02,13.6
syracuse,20,IT,1607708654,76,59.0,37.09,15.28,13.87
mandali,0,IQ,1607708655,59,57.96,33.75,45.55,5.03
lata,90,PT,1607708655,100,62.01,40.16,-8.33,12.75
praia da vitoria,20,PT,1607708468,77,68.0,38.73,-27.07,10.58
fort nelson,75,CA,1607708646,84,-2.2,58.81,-122.7,2.24
dingle,59,PH,1607708656,90,75.87,11.0,122.67,5.53
paka,85,MY,1607708656,100,75.2,4.64,103.44,1.12
bulgan,100,MN,1607708656,86,0.43,48.81,103.53,3.49
dahanu,97,IN,1607708657,77,74.88,19.97,72.73,5.97
kangaatsiaq,100,GL,1607708657,96,16.56,68.31,-53.46,11.68
tura,0,IN,1607708657,79,59.7,25.52,90.22,3.13
vanimo,79,PG,1607708657,82,79.52,-2.67,141.3,5.7
mishan,1,CN,1607708658,91,3.58,45.55,131.88,4.97
ahipara,81,NZ,1607708658,76,57.33,-35.17,173.17,10.45
leua,41,SK,1607708658,94,37.0,48.22,18.61,4.0
nichinan,92,JP,1607708658,80,55.62,31.6,131.37,4.12
marsabit,96,KE,1607708659,63,69.57,2.33,37.99,8.79
panguma,83,SL,1607708659,91,76.95,8.18,-11.13,2.3
komsomolskiy,61,UZ,1607708331,86,30.2,40.43,71.72,2.24
banepa,75,NP,1607708659,87,55.4,27.63,85.52,2.24
troitsko-pechorsk,88,RU,1607708660,94,13.82,62.71,56.2,6.13
bengkulu,98,ID,1607708660,88,74.95,-3.8,102.27,5.55
purificacion,92,CO,1607708660,61,85.59,3.86,-74.93,0.63
nishihara,90,JP,1607708660,82,69.8,26.18,127.76,18.34
belmonte,20,BR,1607708663,66,86.0,-15.86,-38.88,11.41
the valley,40,AI,1607708663,74,84.2,18.22,-63.06,13.87
santa isabel do rio negro,74,BR,1607708663,65,87.89,-0.41,-65.02,3.76
esperance,90,AU,1607708664,82,64.4,-33.87,121.9,12.75
douentza,38,ML,1607708664,15,83.39,15.0,-2.95,8.95
noumea,100,NC,1607708664,100,73.4,-22.28,166.46,3.36
margate,49,GB,1607708568,89,48.99,51.38,1.39,1.99
tezu,35,IN,1607708665,47,63.84,27.92,96.17,2.91
burg,79,DE,1607708665,94,32.0,51.83,14.15,1.99
sukaraja,100,ID,1607708665,88,75.51,-7.45,108.19,1.28
broome,1,US,1607708666,65,46.99,42.25,-75.83,5.82
steamboat springs,90,US,1607708456,92,24.8,40.48,-106.83,6.96
mocuba,100,MZ,1607708666,85,76.59,-16.84,36.99,2.77
kathmandu,75,NP,1607708530,87,55.4,27.72,85.32,2.24
gold coast,90,AU,1607708498,93,64.0,-28.0,153.43,12.75
telchac,5,MX,1607708667,51,80.6,21.2,-89.27,17.22
koungheul,1,SN,1607708667,13,94.39,13.98,-14.8,6.96
saint-louis,0,SN,1607708667,18,93.2,16.33,-15.0,5.95
trofors,0,NO,1607708668,80,30.2,65.53,13.41,2.24
mount isa,72,AU,1607708668,69,75.2,-20.73,139.5,8.05
mopti,60,ML,1607708668,14,84.83,14.67,-4.0,11.14
yeppoon,98,AU,1607708668,60,73.4,-23.13,150.73,8.05
banes,40,CU,1607708669,61,82.4,20.96,-75.72,12.75
tessalit,79,ML,1607708669,18,69.04,20.2,1.01,11.07
calvinia,42,ZA,1607708669,69,56.98,-31.47,19.78,10.92
gallup,1,US,1607708669,69,37.4,35.53,-108.74,20.8
salsomaggiore terme,90,IT,1607708670,100,42.01,44.81,9.98,3.36
eyl,0,SO,1607708670,62,76.66,7.98,49.82,20.42
laguna,1,US,1607708671,81,48.0,38.42,-121.42,1.5
esmeraldas,75,BR,1607708671,65,80.6,-19.76,-44.31,4.7
isabela,57,PH,1607708671,80,79.47,6.71,121.97,0.94
geilo,100,NO,1607708672,95,24.01,60.53,8.21,5.14
beyneu,0,KZ,1607708314,93,20.41,45.32,55.2,12.57
dharchula,0,IN,1607708576,43,48.61,29.85,80.53,6.8
vulcan,98,RO,1607708672,87,35.24,45.38,23.27,2.21
portland,75,US,1607708271,81,43.0,45.52,-122.68,4.7
dumas,90,US,1607708673,69,39.0,35.87,-101.97,10.29
rio grande,40,BR,1607708673,30,98.6,-32.03,-52.1,17.22
hofn,90,IS,1607708673,81,46.4,64.25,-15.21,23.04
clyde river,90,CA,1607708673,92,10.4,70.47,-68.59,2.24
redwater,90,US,1607708674,68,64.4,33.36,-94.25,9.17
vydrino,100,RU,1607708674,91,11.3,51.48,104.85,4.85
valledupar,86,CO,1607708674,50,87.08,10.46,-73.25,9.46
vila do maio,40,CV,1607708674,61,78.8,15.13,-23.22,14.99
shahreza,0,IR,1607708674,70,39.51,32.03,51.88,2.82
mitu,66,CO,1607708675,82,82.92,1.2,-70.17,4.61
faya,0,SA,1607708675,82,59.0,18.39,42.45,4.7
mount gambier,67,AU,1607708363,81,51.8,-37.83,140.77,9.17
nipawin,90,CA,1607708676,92,17.6,53.37,-104.0,8.05
zarubino,80,RU,1607708676,83,25.66,42.63,131.09,8.14
victoria,54,HK,1607708429,87,70.0,22.29,114.16,3.36
sladkovo,5,RU,1607708676,93,9.68,55.53,70.34,11.3
haines junction,87,CA,1607707999,84,8.6,60.75,-137.51,5.82
balikpapan,89,ID,1607708677,90,77.41,-1.27,116.83,1.95
spirit river,97,CA,1607708677,100,14.0,55.78,-118.84,6.93
aleksandrov gay,72,RU,1607708677,96,11.84,50.15,48.57,9.66
manokwari,6,ID,1607708678,75,80.02,-0.87,134.08,4.54
umea,90,SE,1607708678,92,28.4,63.83,20.26,8.05
riberalta,75,BO,1607708678,70,84.2,-10.98,-66.1,11.41
axim,50,GH,1607708678,83,80.02,4.87,-2.24,6.87
la tuque,100,CA,1607708679,92,28.4,47.43,-72.78,4.7
aksarka,99,RU,1607708679,95,17.04,66.56,67.8,11.39
bathsheba,75,BB,1607708388,70,84.2,13.22,-59.52,18.34
kutahya,75,TR,1607708679,70,42.8,39.42,29.98,2.24
northampton,29,US,1607708546,76,51.01,40.88,-75.25,1.01
mazagao,40,BR,1607708680,52,93.2,-0.12,-51.29,12.75
kupang,95,ID,1607708680,76,81.18,-10.17,123.58,2.19
zaysan,0,KZ,1607708409,80,-0.85,47.47,84.87,2.53
shieli,0,KZ,1607708680,92,21.11,44.17,66.75,8.61
prince rupert,1,CA,1607708359,81,41.0,54.32,-130.32,4.7
luanda,75,AO,1607708663,69,80.6,-8.84,13.23,6.93
katobu,65,ID,1607708681,91,76.84,-4.94,122.53,1.05
muisne,40,EC,1607708682,74,86.0,0.6,-80.03,9.17
malbug,8,PH,1607708682,78,81.45,9.73,123.34,4.34
jonesboro,20,US,1607708682,71,62.01,35.84,-90.7,10.29
abu samrah,21,SY,1607708507,65,54.61,35.3,37.18,6.76
shirokiy,95,RU,1607708353,91,-4.45,49.76,129.52,6.71
bam,0,IR,1607708458,50,48.04,29.11,58.36,2.46
skelleftea,75,SE,1607708372,92,30.0,64.75,20.95,5.82
paita,0,PE,1607708683,57,80.6,-5.09,-81.11,14.99
tairua,73,NZ,1607708684,71,57.0,-37.02,175.85,8.99
craig,90,US,1607708684,79,26.6,40.52,-107.55,9.17
kristiansund,0,NO,1607708685,55,39.2,63.11,7.73,11.41
hare bay,100,CA,1607708685,100,33.8,48.85,-54.01,5.82
grafton,1,US,1607708685,70,48.0,42.21,-71.69,14.99
roald,0,NO,1607708348,64,39.2,62.58,6.13,6.93
padang,100,ID,1607708686,70,77.97,-0.95,100.35,4.12
fairbanks,20,US,1607708620,75,-11.99,64.84,-147.72,2.35
tarakan,0,ID,1607708686,76,81.12,3.3,117.63,2.39
salinas,20,US,1607708686,81,51.8,36.68,-121.66,4.7
umtata,20,ZA,1607708687,82,68.0,-31.59,28.78,9.17
ranghulu,0,CN,1607708687,81,3.63,46.65,124.87,6.87
berkakit,97,RU,1607708687,82,-35.54,56.58,124.77,3.89
vuktyl,88,RU,1607708687,95,9.9,63.86,57.31,8.3
bhubaneswar,0,IN,1607708654,83,71.6,20.23,85.83,1.79
murdochville,65,CA,1607708688,74,30.2,48.96,-65.5,3.36
comodoro rivadavia,40,AR,1607708466,27,73.4,-45.87,-67.5,29.97
cozumel,40,MX,1607708578,54,78.8,20.51,-86.95,10.29
afua,5,BR,1607708688,51,89.33,-0.16,-50.39,8.77
port blair,25,IN,1607708682,69,76.89,11.67,92.75,7.81
westport,1,US,1607708689,61,53.01,41.14,-73.36,9.17
amboasary,20,MG,1607708689,61,78.8,-25.03,46.38,24.16
pandan,17,PH,1607708689,84,80.22,14.05,124.17,6.4
sarkand,4,KZ,1607708526,74,10.15,45.41,79.92,2.42
inverness,40,GB,1607708690,100,44.01,57.48,-4.22,3.36
keansburg,2,US,1607708690,60,55.99,40.44,-74.13,7.0
fukue,52,JP,1607708690,66,57.69,32.69,128.84,11.21
pianoro,75,IT,1607708690,93,44.6,44.39,11.34,2.24
great yarmouth,75,GB,1607708477,93,46.4,52.61,1.73,1.12
kavaratti,0,IN,1607708400,74,82.71,10.57,72.64,7.38
rybnoye,0,RU,1607708691,88,17.46,54.73,39.51,6.6
sobolevo,77,RU,1607708532,92,24.31,54.43,31.9,11.39
abrego,70,CO,1607708692,66,73.69,8.08,-73.22,5.14
guiyang,90,CN,1607708692,100,41.0,26.58,106.72,6.71
puro,26,PH,1607708692,85,80.02,12.48,123.38,6.73
lamu,1,KE,1607708693,74,82.4,-2.27,40.9,6.93
parker,90,US,1607708639,87,60.8,32.77,-97.8,6.93
muzhi,100,RU,1607708693,93,19.63,65.37,64.67,7.0
revuca,90,SK,1607708693,100,34.0,48.68,20.12,1.12
kitakata,94,JP,1607708693,85,39.99,37.65,139.87,1.5
abu dhabi,20,AE,1607708563,46,73.4,24.47,54.37,6.93
nova olimpia,72,BR,1607708694,77,82.78,-14.8,-57.29,7.27
acapulco,20,MX,1607708622,69,82.4,16.86,-99.89,5.82
baie-comeau,90,CA,1607708605,92,28.4,49.22,-68.15,5.82
da nang,75,VN,1607708695,88,73.4,16.07,108.22,5.06
egvekinot,100,RU,1607708695,88,-3.01,66.32,-179.17,12.86
opuwo,0,NA,1607708695,22,77.25,-18.06,13.84,13.22
prince george,90,CA,1607708686,100,25.0,53.92,-122.75,2.24
cidreira,0,BR,1607708696,66,80.04,-30.18,-50.21,12.03
ardakan,0,IR,1607708696,81,42.8,32.31,54.02,4.7
jojoima,79,SL,1607708696,85,79.05,7.88,-10.79,2.15
usogorsk,93,RU,1607708697,95,15.22,63.41,48.69,5.73
yala,94,TH,1607708697,93,73.67,6.33,101.25,1.03
dillon,1,US,1607708600,72,66.0,34.42,-79.37,4.5
jeremoabo,0,BR,1607708697,24,95.41,-10.07,-38.48,12.77
alcacer do sal,90,PT,1607708698,93,61.0,38.37,-8.51,9.17
xining,64,CN,1607708698,84,19.15,36.62,101.77,1.68
halifax,75,CA,1607708698,64,39.2,44.65,-63.57,9.17
andenes,0,NO,1607708699,72,34.0,69.31,16.12,6.93
lichinga,90,MZ,1607708699,100,66.2,-13.31,35.24,6.93
ozark,100,US,1607708699,92,53.01,37.02,-93.21,1.99
grand-santi,20,GF,1607708652,76,84.34,4.25,-54.38,4.21
dao,50,PH,1607708700,90,76.41,11.39,122.69,1.83
dalby,28,AU,1607708700,89,62.01,-27.18,151.27,1.99
high level,90,CA,1607708701,100,12.2,58.52,-117.14,5.82
khandyga,63,RU,1607708701,81,-42.27,62.67,135.6,0.69
saint-francois,92,FR,1607708702,87,48.99,46.42,3.91,5.82
benguela,93,AO,1607708702,75,75.63,-12.58,13.41,5.79
nizhniy tsasuchey,0,RU,1607708702,88,-2.47,50.52,115.13,6.62
maple creek,84,CA,1607708704,92,21.2,49.92,-109.48,4.7
skibbereen,75,IE,1607708705,81,44.6,51.55,-9.27,19.46
kunda,100,IN,1607708706,41,72.57,25.72,81.52,6.08
buala,75,SB,1607708707,76,79.63,-8.14,159.59,4.25
siavonga,83,ZM,1607708707,68,81.36,-16.54,28.71,9.22
kenai,1,US,1607708679,85,19.99,60.55,-151.26,6.93
semey,96,KZ,1607708708,93,0.23,50.41,80.23,4.56
sitka,40,US,1607708269,87,35.6,57.05,-135.33,3.36
danjiangkou,17,CN,1607708709,61,43.88,32.54,111.51,0.07
tautira,75,PF,1607708709,74,82.0,-17.73,-149.15,2.24
saint anthony,40,US,1607708710,74,35.01,45.02,-93.22,12.75
hearst,83,CA,1607708710,78,14.0,49.68,-83.67,5.82
antofagasta,20,CL,1607708620,64,72.0,-23.65,-70.4,13.87
marrakesh,29,MA,1607708544,40,73.4,31.63,-8.01,2.24
mirnyy,72,RU,1607708711,72,-43.6,62.54,113.96,4.47
wanning,83,CN,1607708275,91,72.55,18.8,110.4,6.42
general roca,0,AR,1607708712,23,77.0,-39.03,-67.58,9.17
bentiu,78,SS,1607708712,23,83.53,9.23,29.83,0.25
manggar,100,ID,1607708713,82,80.78,-2.88,108.27,7.85
